{
	"legal": [{
		"www.nbcckcip.com": {
			"cookies": 0,
			"aviso": 1,
			"proteccion_de_datos": 0,
			"creacion": 2002
		}
	}, {
		"www.zrejm.com": {
			"cookies": 1,
			"aviso": 1,
			"proteccion_de_datos": 1,
			"creacion": 2019
		}
	}, {
		"www.hocptvc.com": {
			"cookies": 1,
			"aviso": 1,
			"proteccion_de_datos": 1,
			"creacion": 2008
		}
	}, {
		"www.ldxtgwxw.com": {
			"cookies": 1,
			"aviso": 0,
			"proteccion_de_datos": 1,
			"creacion": 2017
		}
	}, {
		"www.cwngoo.com": {
			"cookies": 0,
			"aviso": 1,
			"proteccion_de_datos": 1,
			"creacion": 2017
		}
	}, {
		"www.tnvpt.com": {
			"cookies": 1,
			"aviso": 0,
			"proteccion_de_datos": 1,
			"creacion": 2015
		}
	}, {
		"www.lxkwaajoz.com": {
			"cookies": 1,
			"aviso": 0,
			"proteccion_de_datos": 0,
			"creacion": 2001
		}
	}, {
		"www.bxwtbni.com": {
			"cookies": 1,
			"aviso": 0,
			"proteccion_de_datos": 0,
			"creacion": 2016
		}
	}, {
		"www.kijwwl.com": {
			"cookies": 0,
			"aviso": 0,
			"proteccion_de_datos": 1,
			"creacion": 2015
		}
	}, {
		"www.amnoit.com": {
			"cookies": 1,
			"aviso": 1,
			"proteccion_de_datos": 1,
			"creacion": 2001
		}
	}, {
		"www.gqhnb.com": {
			"cookies": 0,
			"aviso": 1,
			"proteccion_de_datos": 0,
			"creacion": 2015
		}
	}, {
		"www.lnritj.com": {
			"cookies": 0,
			"aviso": 0,
			"proteccion_de_datos": 1,
			"creacion": 2020
		}
	}, {
		"www.qoqu.com": {
			"cookies": 1,
			"aviso": 1,
			"proteccion_de_datos": 0,
			"creacion": 2015
		}
	}, {
		"www.zzvuuuq.com": {
			"cookies": 1,
			"aviso": 1,
			"proteccion_de_datos": 1,
			"creacion": 2022
		}
	}, {
		"www.vkxbomd.com": {
			"cookies": 0,
			"aviso": 1,
			"proteccion_de_datos": 0,
			"creacion": 2012
		}
	}, {
		"www.gjww.com": {
			"cookies": 1,
			"aviso": 1,
			"proteccion_de_datos": 0,
			"creacion": 2003
		}
	}, {
		"www.jvcl.com": {
			"cookies": 1,
			"aviso": 1,
			"proteccion_de_datos": 1,
			"creacion": 2022
		}
	}, {
		"www.eohqcu.com": {
			"cookies": 0,
			"aviso": 0,
			"proteccion_de_datos": 1,
			"creacion": 2012
		}
	}, {
		"www.xshd.com": {
			"cookies": 1,
			"aviso": 1,
			"proteccion_de_datos": 1,
			"creacion": 2007
		}
	}, {
		"www.aetzc.com": {
			"cookies": 1,
			"aviso": 0,
			"proteccion_de_datos": 1,
			"creacion": 2011
		}
	}]
}